{"error": false, "size": [1920, 1080], "name": "Svetloe_Nebo", "version": "0.1", "location": {"label": {"splashscreen": ["game/options.rpy", 15], "start": ["game/script.rpy", 17]}, "define": {"config.check_conflicting_properties": ["game/gui.rpy", 16], "gui.accent_color": ["game/gui.rpy", 29], "gui.idle_color": ["game/gui.rpy", 32], "gui.idle_small_color": ["game/gui.rpy", 36], "gui.hover_color": ["game/gui.rpy", 39], "gui.selected_color": ["game/gui.rpy", 44], "gui.insensitive_color": ["game/gui.rpy", 47], "gui.muted_color": ["game/gui.rpy", 51], "gui.hover_muted_color": ["game/gui.rpy", 52], "gui.text_color": ["game/gui.rpy", 55], "gui.interface_text_color": ["game/gui.rpy", 56], "gui.text_font": ["game/gui.rpy", 62], "gui.name_text_font": ["game/gui.rpy", 65], "gui.interface_text_font": ["game/gui.rpy", 68], "gui.text_size": ["game/gui.rpy", 71], "gui.name_text_size": ["game/gui.rpy", 74], "gui.interface_text_size": ["game/gui.rpy", 77], "gui.label_text_size": ["game/gui.rpy", 80], "gui.notify_text_size": ["game/gui.rpy", 83], "gui.title_text_size": ["game/gui.rpy", 86], "gui.main_menu_background": ["game/gui.rpy", 92], "gui.game_menu_background": ["game/gui.rpy", 94], "gui.textbox_height": ["game/gui.rpy", 102], "gui.textbox_yalign": ["game/gui.rpy", 106], "gui.name_xpos": ["game/gui.rpy", 112], "gui.name_ypos": ["game/gui.rpy", 113], "gui.name_xalign": ["game/gui.rpy", 118], "gui.namebox_width": ["game/gui.rpy", 122], "gui.namebox_height": ["game/gui.rpy", 123], "gui.namebox_borders": ["game/gui.rpy", 127], "gui.namebox_tile": ["game/gui.rpy", 131], "gui.dialogue_xpos": ["game/gui.rpy", 137], "gui.dialogue_ypos": ["game/gui.rpy", 138], "gui.dialogue_width": ["game/gui.rpy", 141], "gui.dialogue_text_xalign": ["game/gui.rpy", 146], "gui.button_width": ["game/gui.rpy", 156], "gui.button_height": ["game/gui.rpy", 157], "gui.button_borders": ["game/gui.rpy", 160], "gui.button_tile": ["game/gui.rpy", 164], "gui.button_text_font": ["game/gui.rpy", 167], "gui.button_text_size": ["game/gui.rpy", 170], "gui.button_text_idle_color": ["game/gui.rpy", 173], "gui.button_text_hover_color": ["game/gui.rpy", 174], "gui.button_text_selected_color": ["game/gui.rpy", 175], "gui.button_text_insensitive_color": ["game/gui.rpy", 176], "gui.button_text_xalign": ["game/gui.rpy", 180], "gui.radio_button_borders": ["game/gui.rpy", 189], "gui.check_button_borders": ["game/gui.rpy", 191], "gui.confirm_button_text_xalign": ["game/gui.rpy", 193], "gui.page_button_borders": ["game/gui.rpy", 195], "gui.quick_button_borders": ["game/gui.rpy", 197], "gui.quick_button_text_size": ["game/gui.rpy", 198], "gui.quick_button_text_idle_color": ["game/gui.rpy", 199], "gui.quick_button_text_selected_color": ["game/gui.rpy", 200], "gui.choice_button_width": ["game/gui.rpy", 213], "gui.choice_button_height": ["game/gui.rpy", 214], "gui.choice_button_tile": ["game/gui.rpy", 215], "gui.choice_button_borders": ["game/gui.rpy", 216], "gui.choice_button_text_font": ["game/gui.rpy", 217], "gui.choice_button_text_size": ["game/gui.rpy", 218], "gui.choice_button_text_xalign": ["game/gui.rpy", 219], "gui.choice_button_text_idle_color": ["game/gui.rpy", 220], "gui.choice_button_text_hover_color": ["game/gui.rpy", 221], "gui.choice_button_text_insensitive_color": ["game/gui.rpy", 222], "gui.slot_button_width": ["game/gui.rpy", 232], "gui.slot_button_height": ["game/gui.rpy", 233], "gui.slot_button_borders": ["game/gui.rpy", 234], "gui.slot_button_text_size": ["game/gui.rpy", 235], "gui.slot_button_text_xalign": ["game/gui.rpy", 236], "gui.slot_button_text_idle_color": ["game/gui.rpy", 237], "gui.slot_button_text_selected_idle_color": ["game/gui.rpy", 238], "gui.slot_button_text_selected_hover_color": ["game/gui.rpy", 239], "config.thumbnail_width": ["game/gui.rpy", 242], "config.thumbnail_height": ["game/gui.rpy", 243], "gui.file_slot_cols": ["game/gui.rpy", 246], "gui.file_slot_rows": ["game/gui.rpy", 247], "gui.navigation_xpos": ["game/gui.rpy", 257], "gui.skip_ypos": ["game/gui.rpy", 260], "gui.notify_ypos": ["game/gui.rpy", 263], "gui.choice_spacing": ["game/gui.rpy", 266], "gui.navigation_spacing": ["game/gui.rpy", 269], "gui.pref_spacing": ["game/gui.rpy", 272], "gui.pref_button_spacing": ["game/gui.rpy", 275], "gui.page_spacing": ["game/gui.rpy", 278], "gui.slot_spacing": ["game/gui.rpy", 281], "gui.main_menu_text_xalign": ["game/gui.rpy", 284], "gui.frame_borders": ["game/gui.rpy", 293], "gui.confirm_frame_borders": ["game/gui.rpy", 296], "gui.skip_frame_borders": ["game/gui.rpy", 299], "gui.notify_frame_borders": ["game/gui.rpy", 302], "gui.frame_tile": ["game/gui.rpy", 305], "gui.bar_size": ["game/gui.rpy", 317], "gui.scrollbar_size": ["game/gui.rpy", 318], "gui.slider_size": ["game/gui.rpy", 319], "gui.bar_tile": ["game/gui.rpy", 323], "gui.scrollbar_tile": ["game/gui.rpy", 324], "gui.slider_tile": ["game/gui.rpy", 325], "gui.bar_borders": ["game/gui.rpy", 328], "gui.scrollbar_borders": ["game/gui.rpy", 329], "gui.slider_borders": ["game/gui.rpy", 330], "gui.vbar_borders": ["game/gui.rpy", 333], "gui.vscrollbar_borders": ["game/gui.rpy", 334], "gui.vslider_borders": ["game/gui.rpy", 335], "gui.unscrollable": ["game/gui.rpy", 339], "config.history_length": ["game/gui.rpy", 347], "gui.history_height": ["game/gui.rpy", 351], "gui.history_name_xpos": ["game/gui.rpy", 355], "gui.history_name_ypos": ["game/gui.rpy", 356], "gui.history_name_width": ["game/gui.rpy", 357], "gui.history_name_xalign": ["game/gui.rpy", 358], "gui.history_text_xpos": ["game/gui.rpy", 361], "gui.history_text_ypos": ["game/gui.rpy", 362], "gui.history_text_width": ["game/gui.rpy", 363], "gui.history_text_xalign": ["game/gui.rpy", 364], "gui.nvl_borders": ["game/gui.rpy", 372], "gui.nvl_list_length": ["game/gui.rpy", 376], "gui.nvl_height": ["game/gui.rpy", 380], "gui.nvl_spacing": ["game/gui.rpy", 384], "gui.nvl_name_xpos": ["game/gui.rpy", 388], "gui.nvl_name_ypos": ["game/gui.rpy", 389], "gui.nvl_name_width": ["game/gui.rpy", 390], "gui.nvl_name_xalign": ["game/gui.rpy", 391], "gui.nvl_text_xpos": ["game/gui.rpy", 394], "gui.nvl_text_ypos": ["game/gui.rpy", 395], "gui.nvl_text_width": ["game/gui.rpy", 396], "gui.nvl_text_xalign": ["game/gui.rpy", 397], "gui.nvl_thought_xpos": ["game/gui.rpy", 401], "gui.nvl_thought_ypos": ["game/gui.rpy", 402], "gui.nvl_thought_width": ["game/gui.rpy", 403], "gui.nvl_thought_xalign": ["game/gui.rpy", 404], "gui.nvl_button_xpos": ["game/gui.rpy", 407], "gui.nvl_button_xalign": ["game/gui.rpy", 408], "gui.language": ["game/gui.rpy", 417], "quick_menu": ["game/screens.rpy", 267], "gui.history_allow_tags": ["game/screens.rpy", 924], "config.nvl_list_length": ["game/screens.rpy", 1350], "bubble.frame": ["game/screens.rpy", 1459], "bubble.thoughtframe": ["game/screens.rpy", 1460], "bubble.properties": ["game/screens.rpy", 1462], "bubble.expand_area": ["game/screens.rpy", 1488], "config.name": ["game/options.rpy", 19], "gui.show_name": ["game/options.rpy", 25], "config.version": ["game/options.rpy", 30], "gui.about": ["game/options.rpy", 36], "build.name": ["game/options.rpy", 47], "config.has_sound": ["game/options.rpy", 56], "config.has_music": ["game/options.rpy", 57], "config.has_voice": ["game/options.rpy", 58], "config.main_menu_music": ["game/options.rpy", 72], "config.enter_transition": ["game/options.rpy", 83], "config.exit_transition": ["game/options.rpy", 84], "config.intra_transition": ["game/options.rpy", 89], "config.after_load_transition": ["game/options.rpy", 94], "config.end_game_transition": ["game/options.rpy", 99], "config.window": ["game/options.rpy", 116], "config.window_show_transition": ["game/options.rpy", 121], "config.window_hide_transition": ["game/options.rpy", 122], "config.save_directory": ["game/options.rpy", 154], "config.window_icon": ["game/options.rpy", 161], "s": ["game/script.rpy", 4], "i": ["game/script.rpy", 5], "k": ["game/script.rpy", 6]}, "screen": {"say": ["game/screens.rpy", 97], "input": ["game/screens.rpy", 175], "choice": ["game/screens.rpy", 208], "quick_menu": ["game/screens.rpy", 1509], "navigation": ["game/screens.rpy", 288], "main_menu": ["game/screens.rpy", 351], "game_menu": ["game/screens.rpy", 417], "about": ["game/screens.rpy", 543], "save": ["game/screens.rpy", 581], "load": ["game/screens.rpy", 588], "file_slots": ["game/screens.rpy", 595], "preferences": ["game/screens.rpy", 723], "history": ["game/screens.rpy", 882], "help": ["game/screens.rpy", 972], "keyboard_help": ["game/screens.rpy", 1001], "mouse_help": ["game/screens.rpy", 1052], "gamepad_help": ["game/screens.rpy", 1075], "confirm": ["game/screens.rpy", 1141], "skip_indicator": ["game/screens.rpy", 1204], "notify": ["game/screens.rpy", 1259], "nvl": ["game/screens.rpy", 1298], "nvl_dialogue": ["game/screens.rpy", 1330], "bubble": ["game/screens.rpy", 1417]}, "transform": {"delayed_blink": ["game/screens.rpy", 1222], "notify_appear": ["game/screens.rpy", 1270]}, "callable": {"touch": ["game/gui.rpy", 429], "small": ["game/gui.rpy", 436]}}, "build": {"directory_name": "Svetloe_Nebo-0.1", "executable_name": "Svetloe_Nebo", "include_update": false, "packages": [{"name": "pc", "formats": ["zip"], "file_lists": ["windows", "linux", "renpy", "all"], "description": "PC: Windows and Linux", "update": true, "dlc": false, "hidden": false}, {"name": "linux", "formats": ["tar.bz2"], "file_lists": ["linux", "linux_arm", "renpy", "all"], "description": "Linux", "update": true, "dlc": false, "hidden": false}, {"name": "mac", "formats": ["app-zip", "app-dmg"], "file_lists": ["mac", "renpy", "all"], "description": "Macintosh", "update": true, "dlc": false, "hidden": false}, {"name": "win", "formats": ["zip"], "file_lists": ["windows", "renpy", "all"], "description": "Windows", "update": true, "dlc": false, "hidden": false}, {"name": "market", "formats": ["bare-zip"], "file_lists": ["windows", "linux", "mac", "renpy", "all"], "description": "Windows, Mac, Linux for Markets", "update": true, "dlc": false, "hidden": false}, {"name": "steam", "formats": ["zip"], "file_lists": ["windows", "linux", "mac", "renpy", "all"], "description": "steam", "update": true, "dlc": false, "hidden": true}, {"name": "android", "formats": ["directory"], "file_lists": ["android", "all"], "description": "android", "update": false, "dlc": true, "hidden": true}, {"name": "ios", "formats": ["directory"], "file_lists": ["ios", "all"], "description": "ios", "update": false, "dlc": true, "hidden": true}, {"name": "web", "formats": ["zip"], "file_lists": ["web", "renpy", "all"], "description": "web", "update": false, "dlc": true, "hidden": true}], "archives": [["archive", ["all"]]], "documentation_patterns": ["*.html", "*.txt"], "base_patterns": [["*.py", null], ["*.sh", null], ["*.app/", null], ["*.dll", null], ["*.manifest", null], ["*.keystore", null], ["lib/", null], ["renpy/", null], ["update/", null], ["common/", null], ["update/", null], ["old-game/", null], ["icon.ico", null], ["icon.icns", null], ["project.json", null], ["log.txt", null], ["errors.txt", null], ["traceback.txt", null], ["image_cache.txt", null], ["text_overflow.txt", null], ["dialogue.txt", null], ["dialogue.tab", null], ["profile_screen.txt", null], ["files.txt", null], ["memory.txt", null], ["tmp/", null], ["game/saves/", null], ["game/bytecode.rpyb", null], ["archived/", null], ["launcherinfo.py", null], ["android.txt", null], ["game/presplash*.*", ["all"]], ["android.json", ["android"]], [".android.json", ["android"]], ["android-*.png", ["android"]], ["android-*.jpg", ["android"]], ["ouya_icon.png", null], ["ios-presplash.*", ["ios"]], ["ios-launchimage.png", null], ["ios-icon.png", null], ["web-presplash.png", ["web"]], ["web-presplash.jpg", ["web"]], ["web-presplash.webp", ["web"]], ["progressive_download.txt", ["web"]], ["steam_appid.txt", null], ["game/cache/bytecode-39.rpyb", ["all"]], ["game/cache/bytecode-311.rpyb", ["web"]], ["game/cache/bytecode-*.rpyb", null], ["**~", null], ["**.bak", null], ["**/.**", null], ["**/#**", null], ["**/thumbs.db", null], [".*", null], ["**", ["all"]]], "renpy_patterns": [["renpy/common/_compat/**", null], ["renpy/common/_roundrect/**", null], ["renpy/common/_outline/**", null], ["renpy/common/_theme**", null], ["lib/**/_ssl.*", null], ["renpy/**__pycache__/**.cpython-39.pyc", ["all"]], ["renpy/**__pycache__", ["all"]], ["**~", null], ["**/#*", null], ["**/.*", null], ["**.old", null], ["**.new", null], ["**.rpa", null], ["**/steam_appid.txt", null], ["renpy.py", ["all"]], ["renpy/", ["all"]], ["renpy/**.py", ["renpy"]], ["renpy/**.pxd", null], ["renpy/**.pxi", null], ["renpy/**.pyx", null], ["renpy/**.pyc", null], ["renpy/**.pyo", null], ["renpy/common/", ["all"]], ["renpy/common/_compat/**", ["renpy"]], ["renpy/common/**.rpy", ["renpy"]], ["renpy/common/**.rpym", ["renpy"]], ["renpy/common/_compat/**", ["renpy"]], ["renpy/common/**", ["all"]], ["renpy/**", ["all"]], ["lib/*/renpy", null], ["lib/*/renpy.exe", null], ["lib/*/pythonw.exe", null], ["lib/py2-*/", null], ["lib/py*-windows-i686/**", ["windows_i686"]], ["lib/py*-windows-x86_64/**", ["windows"]], ["lib/py*-linux-i686/**", ["linux_i686"]], ["lib/py*-linux-aarch64/**", ["linux_arm"]], ["lib/py*-linux-armv7l/**", ["linux_arm"]], ["lib/py*-linux-*/**", ["linux"]], ["lib/py*-mac-*/**", ["mac"]], ["lib/python2.*/**", null], ["lib/**", ["windows", "linux", "mac", "android", "ios"]], ["renpy.sh", ["linux", "mac"]]], "xbit_patterns": ["**.sh", "lib/py*-linux-*/*", "lib/py*-mac-*/*", "**.app/Contents/MacOS/*"], "version": "0.1", "display_name": "Svetloe_Nebo", "exclude_empty_directories": true, "allow_integrated_gpu": true, "renpy": false, "script_version": true, "destination": "Svetloe_Nebo-0.1-dists", "itch_channels": [["*-all.zip", "win-osx-linux"], ["*-market.zip", "win-osx-linux"], ["*-pc.zip", "win-linux"], ["*-win.zip", "win"], ["*-mac.zip", "osx"], ["*-linux.tar.bz2", "linux"], ["*-release.apk", "android"]], "mac_info_plist": {}, "merge": [["linux_i686", "linux"], ["windows_i686", "windows"]], "include_i686": true, "change_icon_i686": true, "android_permissions": [], "_sdk_fonts": false}}